,Company_Symbol,Total-Score,E-Score,S-Score,G-Score,SECTOR,INDUSTRY,beta
1,AAPL,15.064635694075966,0.5591959074830212,5.947646098176315,8.498633915811988,Information Technology,Technology Hardware Storage & Peripherals,1.24
2,ABBV,27.45817007323937,2.146419291652378,16.41768331696731,8.13123635867792,Health Care,Biotechnology,0.613
3,ABT,21.21807766011856,1.7216844952164887,13.293708511530316,6.225313092454843,Health Care,Health Care Equipment,0.722
4,ACGL,19.43576780792047,1.3896579630767807,8.872646870016764,8.655150027316328,Financials,Property & Casualty Insurance,0.613
5,ACN,10.379453709216744,1.7548408232190005,5.788744881601977,2.943353772073973,Information Technology,IT Consulting & Other Services,1.245
6,ADBE,13.614274712276734,2.1027096765641065,6.428997933914817,5.036037143212028,Information Technology,Application Software,1.299
7,ADI,18.60923019058475,6.762654862235168,6.402245007183447,5.344841470060495,Information Technology,Semiconductors,1.078
8,ADM,31.41558720087757,17.474484552352745,9.875074340561566,3.9544562773850536,Consumer Staples,Agricultural Products & Services,0.722
9,ADP,14.950452229440993,4.299750075228916,6.700841184309596,4.027775639671045,Industrials,Human Resource & Employment Services,0.795
10,ADSK,14.485342392801416,3.922519733122124,6.896300135847687,3.6793884806949793,Information Technology,Application Software,1.474
11,AEE,26.138146831991964,11.307203946936635,8.241346750122206,4.889907721559785,Utilities,Multi-Utilities,0.462
12,AEP,21.447017248361146,9.872296022674604,7.291455050954271,4.159500602383375,Utilities,Electric Utilities,0.539
13,AES,25.72686086355163,11.598036561660717,9.709433806493648,4.076189509126882,Utilities,Independent Power Producers & Energy Traders,1.09
14,AFL,16.26090661360386,0.20768574231196,8.717145738788071,7.3450437183629615,Financials,Life & Health Insurance,0.958
15,AIG,22.24921178953209,1.856288484370435,9.896254146549994,10.291531479800334,Financials,Multi-line Insurance,1.069
16,AIZ,23.19804965936936,1.725147511945322,10.621679054693193,9.915057052637373,Financials,Multi-line Insurance,0.568
17,AJG,19.43563710180244,0.1777912456479572,10.506352711140238,8.872462886239457,Financials,Insurance Brokers,0.727
18,AKAM,13.45406097233597,2.933623083765688,6.017691432389898,4.360652983196794,Information Technology,Internet Services & Infrastructure,0.678
19,ALB,19.092927784319407,11.419106772125156,3.003239631586774,4.744862308596888,Materials,Specialty Chemicals,1.551
20,ALL,21.001919301037457,1.0522316558773217,10.628397296479196,9.33877862846686,Financials,Property & Casualty Insurance,0.481
21,ALLE,20.225273714290392,10.740891986794775,5.896345059645167,3.537117962206353,Industrials,Building Products,1.123
22,AMAT,10.648181536137844,3.572784570140302,2.537313967227644,4.582743047341357,Information Technology,Semiconductor Materials & Equipment,1.551
23,AME,20.61217085963633,7.214483257991614,7.45971696220506,5.425239695207242,Industrials,Electrical Components & Equipment,1.163
24,AMGN,22.306889729590928,1.4659021212515089,14.231039302743168,6.68489506209586,Health Care,Biotechnology,0.599
25,AMP,18.764556629477337,1.9407230804211768,6.1929987354487945,9.083852400777127,Financials,Asset Management & Custody Banks,1.334
26,AMT,10.31852526188592,3.092941085315956,2.7836398312644346,4.43091533953475,Real Estate,Telecom Tower REITs,0.842
27,AMZN,29.330253579057104,6.460153773053774,15.321223127598213,7.762407293081814,Consumer Discretionary,Broadline Retail,1.146
28,ANET,14.200138406561042,0.4570974587224047,8.089133681972504,5.31663308875285,Information Technology,Communications Equipment,1.077
29,ANSS,13.961741425678046,3.4788822237647485,6.68459312460797,3.902755753023136,Information Technology,Application Software,1.111
30,AON,-0.1390402609784737,0.0900117778663326,-3.995650693348634,3.766583852677592,Financials,Insurance Brokers,0.909
31,AOS,24.709514902785063,5.83481530527166,12.73269373555244,6.153247965525748,Industrials,Building Products,1.169
32,APA,47.28888986505991,31.29129664790005,8.20392157151806,7.394787210951626,Energy,Oil & Gas Exploration & Production,3.246
33,APD,14.099962393076954,8.315472321144318,2.92159291844482,2.8266723445966284,Materials,Industrial Gases,0.826
34,APH,17.719915722656737,7.420701341894754,4.495216007527837,5.541316667633946,Information Technology,Electronic Components,1.238
35,APTV,11.296029824381334,3.470019841443188,3.739634103951917,3.787976758052122,Consumer Discretionary,Automotive Parts & Equipment,1.817
36,ARE,12.625267782977826,3.444156494935296,3.035972651530014,6.57551419587738,Real Estate,Office REITs,1.176
37,ATO,32.48468855116456,13.823178538015007,13.16325276695384,4.614879216187609,Utilities,Gas Utilities,0.672
38,AVB,8.228865706829549,2.19655095746004,2.060146731463281,3.4817812382554365,Real Estate,Multi-Family Residential REITs,0.985
39,AVGO,18.37834997568587,7.789167978914209,6.256090474502613,4.617235485178413,Information Technology,Semiconductors,1.187
40,AVY,14.616448269361593,10.428737430663606,0.8553713549345648,3.259554396106336,Materials,Paper & Plastic Packaging Products & Materials,0.896
41,AWK,18.557223546221312,8.223380693324915,5.962223631170471,3.767979884830369,Utilities,Water Utilities,0.698
42,AXP,17.51990714687649,0.1151725746850236,9.02157674840958,8.442192278212946,Financials,Consumer Finance,1.214
43,AZO,10.820988998133467,0.1419935185418152,6.8537464700946815,3.734547724247503,Consumer Discretionary,Automotive Retail,0.713
44,BA,36.43053302008398,8.015328855150837,22.11171107430173,6.189645525922039,Industrials,Aerospace & Defense,1.572
45,BAC,25.73344207949272,1.8076917176815823,13.571610262980636,9.757640807256651,Financials,Diversified Banks,1.325
46,BALL,9.925397270286409,9.8111225626502,0.8044777891542402,1.0128438693878454,Materials,Metal Glass & Plastic Containers,0.899
47,BAX,21.134696184248376,2.819573695132603,12.704799937041455,5.748003657295771,Health Care,Health Care Equipment,0.604
48,BBY,14.767014874794182,2.521124162128618,8.73331930960957,3.2234968695226884,Consumer Discretionary,Computer & Electronics Retail,1.493
49,BDX,21.017605107362428,3.20258094198474,12.620288928357008,5.932317384707559,Health Care,Health Care Equipment,0.45
50,BEN,18.681841920059178,2.120010695542778,8.824337218438599,7.911146680824023,Financials,Asset Management & Custody Banks,1.402
51,BG,29.45810429565762,14.62991700619405,13.092455310520858,2.4009153770046705,Consumer Staples,Agricultural Products & Services,0.655
52,BIIB,20.067018145598347,0.5001871857222531,12.776126386232752,7.007319759541868,Health Care,Biotechnology,-0.061
53,BK,19.62663695915941,0.5188925845380593,10.16027931278745,9.09601226654774,Financials,Asset Management & Custody Banks,1.06
54,BKNG,17.63144843681429,0.3815650131604725,10.601675758305978,6.541852655528008,Consumer Discretionary,Hotels Resorts & Cruise Lines,1.385
55,BLK,22.947999113589155,0.8118800649862757,6.4252181557022485,9.97854959459917,Financials,Asset Management & Custody Banks,1.311
56,BMY,19.95665565562892,0.5362461286425833,14.084533717275685,5.340638021617243,Health Care,Pharmaceuticals,0.441
57,BR,14.872307944476114,4.408385453214013,6.642789233103914,3.8566939731781225,Industrials,Data Processing & Outsourced Services,1.06
58,BRO,20.83310012809715,0.2665861279028466,10.221342241719714,10.169212682964432,Financials,Insurance Brokers,0.825
59,BSX,19.91206491215365,2.276949334300008,10.185996315402912,7.2209841343312675,Health Care,Health Care Equipment,0.797
60,BWA,7.352576570217778,1.117512563967799,2.4091540378564744,3.796101432852193,Consumer Discretionary,Automotive Parts & Equipment,1.186
61,BX,21.7918443911406,1.6972394767969514,8.662476128874136,10.32689536002518,Financials,Asset Management & Custody Banks,1.486
62,BXP,11.731725370893487,2.4487486905121694,3.9783238213399694,5.368337525769977,Real Estate,Office REITs,1.195
63,C,23.2163748732131,1.6112434030614533,13.025165959499477,8.84811332076848,Financials,Diversified Banks,1.426
64,CAG,27.24070299100574,10.132182194763791,14.406412788633608,3.72370988352633,Consumer Staples,Packaged Foods & Meats,0.332
65,CAH,11.508185705854885,0.5546603037407032,6.637874305568424,4.32740989264625,Health Care,Health Care Distributors,0.616
66,CAT,28.87916600777823,10.25538571257845,12.3412388443479,6.342753677744662,Industrials,Construction Machinery & Heavy Transportation Equipment,1.095
67,CB,22.205626937173903,1.6924595440823136,12.059705589380016,8.619657454255526,Financials,Property & Casualty Insurance,0.681
68,CBOE,20.912386031455817,2.6464831133961866,7.498742302828839,10.744266496932394,Financials,Financial Exchanges & Data,0.666
69,CBRE,6.278302319113741,1.40599982527458,1.9153494027561244,2.9288040857859845,Real Estate,Real Estate Services,1.395
70,CCI,9.0845850666206,3.9354263430446417,1.7521873311952834,3.4024106045495777,Real Estate,Telecom Tower REITs,0.875
71,CCL,22.436971989719087,7.897441392234029,10.581905038387012,4.446256628990268,Consumer Discretionary,Hotels Resorts  Cruise Lines,2.668
72,CDNS,10.19094838340228,2.392002566016994,4.01971698716302,3.7810538760301258,Information Technology,Application Software,1.02
73,CDW,7.237611141781889,1.5881950256846875,3.347026283687002,2.58351805264945,Information Technology,Technology Distributors,1.053
74,CE,24.75793773916256,14.7415181148472,6.217073779163796,3.810767810815076,Materials,Specialty Chemicals,1.304
75,CF,24.20186262482709,14.019963371783158,6.728856484990628,3.360915433569629,Materials,Fertilizers & Agricultural Chemicals,0.957
76,CFG,21.54755295689141,1.7808861574657673,8.539901460896123,11.25402719397347,Financials,Regional Banks,1.32
77,CHD,20.260256997313427,6.285269344140487,8.331571292184066,5.94559259483572,Consumer Staples,Household Products,0.55
78,CHRW,16.05087492842412,4.086379296627941,7.895278594262858,4.077781041399023,Industrials,Air Freight & Logistics,0.842
79,CHTR,25.608952272509526,6.546396838612905,11.947684886233072,7.059193717078154,Communication Services,Cable & Satellite,1.036
80,CI,11.532084653009408,0.1573937860401872,8.312313483005374,2.751036896658328,Health Care,Health Care Services,0.511
81,CINF,23.47798583392101,1.429510645786029,10.287607416939757,11.640280604052368,Financials,Property & Casualty Insurance,0.666
82,CL,24.899646077670468,9.00503710260128,10.6166956026122,5.42933665087874,Consumer Staples,Household Products,0.415
83,CLX,19.67676693049236,7.36898224142912,8.809596369046977,4.003256713553685,Consumer Staples,Household Products,0.399
84,CMCSA,23.820608365050383,4.988097539024666,10.764321642065184,7.963410659389771,Communication Services,Cable & Satellite,1.004
85,CME,17.140784629959946,2.096422285936057,5.958596188330771,9.150482073002289,Financials,Financial Exchanges & Data,0.559
86,CMG,20.291670875949407,7.357997672818719,9.14428164577888,3.330326431145143,Consumer Discretionary,Restaurants,1.266
87,CMI,20.635778553878573,8.078750094109218,7.764660217165887,4.968030527687074,Industrials,Construction Machinery & Heavy Transportation Equipment,0.971
88,CMS,18.509096142613107,8.145239386200563,5.851622464899004,4.542973509438617,Utilities,Multi-Utilities,0.407
89,CNC,14.146227570534966,0.0621854831694528,9.73466895208914,4.459846197638376,Health Care,Managed Health Care,0.493
90,CNP,23.530170306871675,10.44386287594564,9.195190011455937,3.8401110892918298,Utilities,Multi-Utilities,0.917
91,COF,20.20951907293434,0.2830566187656065,11.076783269307272,9.433120771782052,Financials,Consumer Finance,1.432
92,COO,14.074041359722216,2.786307143836576,7.580937679487964,4.29395858941866,Health Care,Health Care Supplies,0.99
93,COP,34.63787056804519,17.816848233205455,8.864244339269046,7.821788038643537,Energy,Oil & Gas Exploration & Production,1.22
94,COR,7.407914865222867,0.3695304810562544,5.770094780258004,1.2682819323497037,Health Care,Health Care Distributors,0.436
95,COST,28.42173660637527,8.71447473962857,16.776975751089974,4.86736332275512,Consumer Staples,Consumer Staples Merchandise Retail,0.789
96,CPB,26.27040246181475,12.475426619175886,9.721866696533784,3.803842395975701,Consumer Staples,Packaged Foods & Meats,0.181
97,CPRT,14.6238172671053,0.9523934071333846,8.987910392095504,4.499497268523886,Industrials,Diversified Support Services,1.271
98,CPT,14.029843607035142,3.39675412290278,3.802455161364716,7.094821910275625,Real Estate,Multi-Family Residential REITs,0.92
99,CRM,13.431051483120708,1.1603014759185295,7.429298684362315,4.830339156670189,Information Technology,Application Software,1.288
101,CSGP,20.356546280575063,5.7532519330940985,9.171578290940571,7.0358255723552094,Real Estate,Real Estate Services,0.823
102,CSX,20.89953451760212,7.337176039372939,9.331689709482202,4.262925955689942,Industrials,Rail Transportation,1.191
103,CTAS,15.63806894171157,2.711946401048679,7.463452879577275,4.794837753765981,Industrials,Diversified Support Services,1.313
104,CTRA,28.25771488059713,12.99750460735105,6.64394600124694,5.254548836375539,Energy,Oil & Gas Exploration & Production,0.197
105,CTSH,13.678333881580455,2.414676226978364,7.143863527115963,4.024399911238268,Information Technology,IT Consulting & Other Services,1.052
106,CVS,19.777562618017345,-0.7838459856293982,14.923560276119897,5.526710610563126,Health Care,Health Care Services,0.543
107,CVX,35.46431481773924,16.81645208268784,8.765293388633872,9.706418300530602,Energy,Integrated Oil & Gas,1.078
108,D,27.006739636378352,13.017155568390606,8.070892070780278,5.299499944540461,Utilities,Multi-Utilities,0.596
109,DAL,31.33940449025305,11.380150551593768,14.448107537755677,5.411813432085787,Industrials,Passenger Airlines,1.341
110,DD,25.93462987651626,15.25136959805001,6.77811337731025,3.944107847662738,Materials,Specialty Chemicals,1.338
111,DE,17.01464517295663,2.1836788070488486,9.378944259327364,5.583303527044925,Industrials,Agricultural & Farm Machinery,0.935
112,DELL,15.692123083839576,0.7701339804445444,7.844217848293686,7.430966467791796,Information Technology,Technology Hardware Storage & Peripherals,0.954
113,DFS,22.64561667948881,0.2866572472809915,12.095083004699276,10.299536061891686,Financials,Consumer Finance,1.402
114,DG,20.17163515427614,3.8125955620728966,12.149307995375908,4.646000307582726,Consumer Staples,Consumer Staples Merchandise Retail,0.449
115,DGX,21.2078707562298,0.2693788284009783,13.750022818970429,7.226539958015012,Health Care,Health Care Services,0.891
116,DHI,21.27201391723277,10.390033480085808,6.278926259165129,5.330242815464867,Consumer Discretionary,Homebuilding,1.744
117,DHR,4.499191309115279,0.281485724038355,0.7817199005499994,3.4751188111076177,Health Care,Life Sciences Tools & Services,0.881
118,DIS,15.099749838410403,0.0867378655691538,9.46615978107086,5.515668496141826,Communication Services,Movies & Entertainment,1.398
119,DLR,12.197688292693735,3.653533339081535,2.186064043015344,6.264926578738049,Real Estate,Data Center REITs,0.609
120,DLTR,17.541896189577898,3.0840617824086323,12.107514620077191,2.3432239675941995,Consumer Staples,Consumer Staples Merchandise Retail,0.874
121,DOV,22.310217511473283,6.909784661594512,11.595265964522484,4.330597007985696,Industrials,Industrial Machinery & Supplies & Components,1.218
122,DPZ,29.1392977235164,10.585714222310395,12.83381002976399,5.758151508350196,Consumer Discretionary,Restaurants,0.859
123,DRI,28.989696452629648,11.128449648473012,13.880217360551743,3.921217726766704,Consumer Discretionary,Restaurants,1.309
124,DTE,29.982125035908247,13.937667528222132,11.085391965554509,4.991835250627115,Utilities,Multi-Utilities,0.683
125,DUK,24.86401846165453,12.77564145763706,9.607585118317624,2.7832701064252663,Utilities,Electric Utilities,0.457
126,DVA,21.951664514236786,0.061999811601975,14.644245445175525,7.318904743102033,Health Care,Health Care Services,0.887
127,DVN,32.29696632062227,18.367422968047816,7.71619911523922,6.75095821024927,Energy,Oil & Gas Exploration & Production,2.071
128,DXCM,19.1903109643618,3.746703492970553,8.196189125253643,7.491120613694759,Health Care,Health Care Equipment,1.173
129,EA,12.534302624975016,0.2739166345318824,8.105997580972424,4.15795868065217,Communication Services,Interactive Home Entertainment,0.781
130,EBAY,14.66257598187702,2.770765651658995,6.8846386150187895,4.826899248911512,Consumer Discretionary,Broadline Retail,1.337
131,ECL,20.792139532221565,9.30036804480206,6.345476148874527,5.186875702727583,Materials,Specialty Chemicals,1.141
132,ED,20.912635541589687,7.896338834063639,7.791144620201189,4.680440036372482,Utilities,Multi-Utilities,0.353
133,EFX,21.46976543046668,0.1933591705675649,15.784010389354773,5.613632632582754,Industrials,Research & Consulting Services,1.594
134,EIX,23.495406142151715,8.076621513672402,12.536085034750148,3.4457436664420045,Utilities,Electric Utilities,0.935
135,EL,24.223596360724507,5.5588795526076575,11.294671521293813,7.741959482589165,Consumer Staples,Personal Care Products,1.044
136,EMN,24.832395478000745,13.177870041928728,6.238516851366785,5.180458679653156,Materials,Specialty Chemicals,1.459
137,EMR,23.54442960824247,6.9091146565641965,12.887343056997532,4.330567859240892,Industrials,Electrical Components & Equipment,1.292
138,EOG,32.53381949994682,19.8669400442149,5.049793186426291,6.444022062874055,Energy,Oil & Gas Exploration & Production,1.289
139,EQIX,12.475537010810909,2.885216833392697,4.961676351731879,4.744884758731757,Real Estate,Data Center REITs,0.701
140,EQR,10.168427123789437,2.661543980282279,2.3112835044779705,5.235778114419731,Real Estate,Multi-Family Residential REITs,0.913
141,EQT,32.70547796278423,16.313534905335757,10.01540700051181,6.237648401021728,Energy,Oil & Gas Exploration & Production,1.069
142,ERIE,28.060917718623443,2.9064187156611614,11.8178057815336,13.411664095413988,Financials,Insurance Brokers,0.454
143,ES,16.956648105596297,3.495381902887169,7.898286504195015,5.573195526153299,Utilities,Electric Utilities,0.622
144,ESS,11.022385108236216,3.18790511218491,2.2698750363654137,5.479008568898204,Real Estate,Multi-Family Residential REITs,0.897
145,ETN,20.57360099457291,7.310592082694936,8.780198915608997,4.39551803688264,Industrials,Electrical Components & Equipment,1.01
146,ETR,23.88536562895744,13.882314017062502,5.522781019128541,4.453546810883465,Utilities,Electric Utilities,0.701
147,EW,20.910801656470504,2.989836236065221,12.061083222630495,5.683417545909114,Health Care,Health Care Equipment,1.12
148,EXC,19.36160162431852,6.286238583049028,8.402895457174523,4.684598190763433,Utilities,Electric Utilities,0.61
149,EXPD,16.189267210417185,4.502374585750679,7.447790087188517,4.284093324233235,Industrials,Air Freight & Logistics,0.974
150,EXPE,24.25352347775489,2.412538282457244,12.89182231177908,9.457881050288076,Consumer Discretionary,Hotels Resorts & Cruise Lines,1.785
151,EXR,14.030606362818984,3.972733387668444,3.812474535719821,6.193674238937686,Real Estate,Self-Storage REITs,0.886
152,F,21.532750114132604,7.134516707716661,6.461964054760361,7.621369134465167,Consumer Discretionary,Automobile Manufacturers,1.636
153,FAST,25.6167527899102,10.532753893935697,8.37717359111486,7.061173179077791,Industrials,Trading Companies & Distributors,0.979
154,FCX,26.162803458424115,16.041138112865397,6.774482114764643,4.206531036054765,Materials,Copper,1.91
155,FDS,16.560990173612772,4.490232969200071,9.00802797903185,3.406084431230912,Financials,Financial Exchanges & Data,0.752
156,FDX,18.615753783160866,5.572786082161057,8.440864317406527,4.793581488648675,Industrials,Air Freight & Logistics,1.177
157,FE,25.58825178615317,11.665667997909804,9.222404626132215,4.420978751027903,Utilities,Electric Utilities,0.495
158,FFIV,17.113471945423136,4.230539616477669,8.173674932182863,4.419708626417883,Information Technology,Communications Equipment,1.05
159,FI,13.127454455826555,4.029964746665171,9.55031407109585,-0.4628216484163417,Financials,Transaction & Payment Processing Services,0.919
160,FIS,14.512485004711504,4.510266699816586,7.58704022011661,2.670192455191042,Financials,Transaction & Payment Processing Services,1.074
161,FITB,14.520551665143604,0.6272818778141088,7.387637709796856,6.306681197083369,Financials,Regional Banks,1.231
162,FMC,25.40763535710609,11.52571405640536,7.695327930917928,5.340773853534216,Materials,Fertilizers & Agricultural Chemicals,0.853
163,FRT,10.33226225615104,2.272621288027659,5.966545092020913,1.7582016379876035,Real Estate,Retail REITs,1.258
164,FTNT,15.834568115231493,3.038226498287784,8.92930698033435,3.95846415407974,Information Technology,Systems Software,0.995
165,FTV,30.55357561862686,16.26376744501712,11.155874843776587,2.8738450284342507,Industrials,Industrial Machinery & Supplies & Components,1.174
166,GD,33.28800648737662,9.001667612328777,18.50263634446845,5.935936098787507,Industrials,Aerospace & Defense,0.614
167,GE,32.958169915562955,13.317720163159326,12.219948660516396,7.147572022278181,Industrials,Aerospace & Defense,1.188
168,GEN,12.418615717345284,4.861108320604196,5.8788497427715285,1.6786544767056757,Information Technology,Systems Software,1.054
169,GILD,21.82849282265913,0.8467094579859265,14.27942657448416,6.885434005968184,Health Care,Biotechnology,0.192
170,GIS,24.03621542183979,9.377717908070052,11.861769878155302,3.000360562059825,Consumer Staples,Packaged Foods & Meats,0.107
171,GL,18.533325203792383,1.1127738572748065,9.16864054338414,8.349841561341538,Financials,Life & Health Insurance,0.807
172,GLW,16.743677733148996,6.799225040143307,4.71159491118504,5.011760524406084,Information Technology,Electronic Components,1.029
173,GM,27.320554162973387,8.561350183409159,13.806945840085929,4.858674679435387,Consumer Discretionary,Automobile Manufacturers,1.414
174,GOOGL,22.619649220261262,2.012940562765107,9.414828350558398,11.65080175445358,Communication Services,Interactive Media & Services,1.034
175,GPC,13.360900033267622,4.473518036942763,5.304000881042361,3.1014405524412165,Consumer Discretionary,Distributors,0.933
176,GPN,18.948858671960465,4.3353522259814286,9.840754779214365,4.793991305064077,Financials,Transaction & Payment Processing Services,0.979
177,GRMN,20.894208524659543,4.821505158903154,11.019466003979,4.235513532684406,Consumer Discretionary,Consumer Electronics,0.983
178,GS,22.929487188610985,0.8523611646546648,12.811921421039534,9.832206889755629,Financials,Investment Banking & Brokerage,1.342
179,GWW,16.449591771887945,4.9811226960056345,5.694680921130063,6.073980854387466,Industrials,Industrial Machinery & Supplies & Components,1.151
180,HAL,22.71742853316487,9.730256267612017,6.800156941860284,6.397465908582711,Energy,Oil & Gas Equipment & Services,1.905
181,HAS,6.22732280281796,0.9868957570876424,2.5288362698475724,2.6903358629592344,Consumer Discretionary,Leisure Products,0.619
182,HBAN,17.672451590876317,1.3184650561651776,8.350809322758158,7.621586167861568,Financials,Regional Banks,1.057
183,HCA,28.698820626838643,4.5451902414449,19.137814548860003,5.139517926737764,Health Care,Health Care Facilities,1.689
184,HD,12.413906140373204,3.5269931090447733,5.850776160380298,3.087464268351628,Consumer Discretionary,Home Improvement Retail,1.011
185,HES,34.558426264673486,20.290556178399605,6.266590332686365,6.423691594616201,Energy,Integrated Oil & Gas,1.16
186,HIG,15.319480502662898,1.432731943610202,8.058795819498943,6.368792724276384,Financials,Property & Casualty Insurance,0.936
187,HLT,16.926354672263635,6.267716155753026,6.971347805185635,3.370830468985799,Consumer Discretionary,Hotels Resorts and Cruise Lines,1.307
188,HOLX,22.02619579889338,4.235644820288521,11.727526314660006,6.209808741821819,Health Care,Health Care Equipment,0.986
189,HON,25.66637444382908,10.188502316947396,8.62469314527446,6.80416591283191,Industrials,Industrial Conglomerates,1.025
190,HPE,9.607541025485586,0.91489841369266,4.428263694819009,4.137859939755148,Information Technology,Technology Hardware Storage & Peripherals,1.206
191,HPQ,10.757699432934327,0.1917306161268125,5.496230200918486,4.770242790925179,Information Technology,Technology Hardware Storage & Peripherals,1.087
192,HRL,27.640413338220505,12.022365537939582,10.14495628153754,5.449377471803819,Consumer Staples,Packaged Foods & Meats,0.254
193,HSIC,13.795514687599066,2.178011304768189,5.474384242299523,5.795951332428376,Health Care,Health Care Distributors,0.867
194,HST,12.770686022811924,2.984011757774621,4.882692573690834,4.928858527665664,Real Estate,Hotel & Resort REITs,1.344
195,HSY,24.3744265000388,9.91923269750794,10.254450707788186,4.294446205396954,Consumer Staples,Packaged Foods & Meats,0.374
196,HUBB,18.061755573986133,8.374950498723454,6.519952461311813,2.8958604014146685,Industrials,Industrial Machinery & Supplies & Components,0.899
197,HUM,19.6797045969537,0.0070016657997497,14.864710909904938,4.549009005984838,Health Care,Managed Health Care,0.52
198,IBM,12.54138112061201,1.82885287444496,5.561964000710754,5.167197997110062,Information Technology,IT Consulting & Other Services,0.71
199,ICE,19.12510410498144,1.7496065414357147,9.933978832933487,7.77703704850713,Financials,Financial Exchanges & Data,1.092
200,IDXX,13.807380125040869,1.956823735060924,6.212595058489802,5.93479676811107,Health Care,Health Care Equipment,1.357
201,IEX,28.22753860427964,12.22574522917944,11.376841827429525,4.6404636590980175,Industrials,Industrial Machinery & Supplies & Components,0.952
202,IFF,23.386694560946115,12.06433165816696,5.766675193433112,4.799972757895197,Materials,Specialty Chemicals,1.238
203,INCY,24.29754443688528,1.5667399871743943,16.68143541659893,5.825683576046531,Health Care,Biotechnology,0.71
204,INTC,17.39235897830871,5.456592533315704,6.532260367558659,4.557089508421155,Information Technology,Semiconductors,1.026
205,INTU,16.232696710845467,3.28260883577,9.007424765353171,4.039388591204896,Information Technology,Application Software,1.246
206,IP,23.86380735254868,14.302244395537436,5.480183080284055,3.072157689792772,Materials,Paper & Plastic Packaging Products & Materials,0.988
207,IPG,8.160294449579762,0.0341829712179609,4.115528755212242,3.607932615514114,Communication Services,Advertising,1.09
208,IQV,14.943616476406266,0.8966613615613388,9.58804984282698,4.915618444100959,Health Care,Life Sciences Tools & Services,1.513
209,IR,-15.568715274755911,-5.094258643157768,-3.8726859794771897,-6.5784242506179895,Industrials,Industrial Machinery & Supplies & Components,1.422
210,IRM,14.072974692484523,5.590431313394616,3.380302710515076,5.253028290029814,Real Estate,Other Specialized REITs,1.023
211,ISRG,16.45600602071435,2.422729076175596,7.98262756881735,5.792418780391885,Health Care,Health Care Equipment,1.389
212,IT,17.185174952022315,0.2271896175754839,12.043761662167103,5.016598550563311,Information Technology,IT Consulting & Other Services,1.322
213,ITW,25.233385679945705,8.661934495638858,10.61949913434414,5.985620956737096,Industrials,Industrial Machinery & Supplies & Components,1.109
214,IVZ,19.66711199695455,0.0305996033175329,10.036574670646994,9.44939838123647,Financials,Asset Management & Custody Banks,1.424
215,J,23.062757045691534,6.454575868030228,11.666942402476009,4.362877841194169,Industrials,Construction & Engineering,0.702
216,JBHT,12.508482742434898,1.785821945688707,6.215525722857434,4.535037243636941,Industrials,Cargo Ground Transportation,1.141
217,JCI,14.624105183302504,6.363655273515751,4.8392779662818,3.4111318686926486,Industrials,Building Products,1.306
218,JKHY,17.55197502489505,4.493795001252474,8.109048379832617,4.959908734815536,Financials,Transaction & Payment Processing Services,0.636
219,JNJ,20.27502648217544,0.8217267235677641,11.893994168789956,6.128663843888014,Health Care,Pharmaceuticals,0.518
220,JNPR,13.601702891901102,2.634192523234507,6.927855512919244,3.965932944210525,Information Technology,Communications Equipment,0.921
221,JPM,29.85979938117171,2.145277912019791,15.84736700738991,11.64417199783018,Financials,Diversified Banks,1.091
222,K,30.368626971757227,14.288884622863682,12.012049748851558,3.904185564989274,Consumer Staples,Packaged Foods & Meats,0.395
223,KEY,21.80098776034648,1.5310890719954258,9.372939530054165,10.965843745350789,Financials,Regional Banks,1.231
224,KEYS,8.113075061536602,4.13187652809116,1.3704961953866135,3.11290261937347,Information Technology,Electronic Equipment & Instruments,0.981
225,KHC,30.76026955683164,13.848644092189351,14.27324377578715,4.2977962909037615,Consumer Staples,Packaged Foods & Meats,0.475
226,KIM,10.104063761903502,2.1540923415501334,2.4685735058486094,5.566177361707342,Real Estate,Retail REITs,1.485
227,KLAC,15.5642844613327,7.035623859368135,4.536491006331579,3.9744576662540254,Information Technology,Semiconductor Materials & Equipment,1.29
228,KMB,26.00550263816861,10.520179004070792,9.981943869233351,5.555161592403015,Consumer Staples,Household Products,0.412
229,KMI,21.2060706227848,7.912167975286512,8.79315475260616,4.758372187596203,Energy,Oil & Gas Storage & Transportation,0.907
230,KMX,10.743236196351322,0.2036503307646027,7.900561879732933,2.7419033210798345,Consumer Discretionary,Automotive Retail,1.686
231,KO,22.65886438296629,8.43478183088683,9.847551096932206,4.454617490543233,Consumer Staples,Soft Drinks & Non-alcoholic Beverages,0.62
232,KR,22.6477639961387,7.302829788799363,10.365667376754734,5.038301748381284,Consumer Staples,Food Retail,0.471
234,LDOS,14.932916033241735,3.3247486183824613,7.2746752725381665,4.243513612343443,Industrials,Diversified Support Services,0.688
235,LEN,25.670366701895155,11.718307268263173,8.483477184240387,5.714554644559906,Consumer Discretionary,Homebuilding,1.619
236,LH,19.601072673663143,0.2026576721208864,12.22056085041904,6.742376506451502,Health Care,Health Care Services,1.036
237,LII,18.834065701423548,8.443658362968872,2.709472483416252,6.6783475476460605,Industrials,Building Products,1.078
238,LKQ,10.180202787461637,3.776216186958425,3.899469818268577,2.820566051284587,Consumer Discretionary,Distributors,1.286
239,LLY,22.289972068395013,2.850455953854971,11.82921712458146,7.634914531260994,Health Care,Pharmaceuticals,0.43
240,LMT,27.78720636919622,7.826163037771988,14.228000907691325,6.415973591011086,Industrials,Aerospace & Defense,0.481
241,LNT,14.536817617779596,5.007730606809145,4.505398824833335,5.217488100511465,Utilities,Electric Utilities,0.574
242,LOW,11.356632953977272,3.171399520355702,5.763479103077363,2.538662013674762,Consumer Discretionary,Home Improvement Retail,1.098
243,LRCX,12.38878988020598,4.387057865757114,3.590854475020566,3.707341944300977,Information Technology,Semiconductor Materials & Equipment,1.486
244,LULU,15.504347910000975,1.880011040446354,9.062429791405204,4.570953736751746,Consumer Discretionary,Apparel Accessories & Luxury Goods,1.237
245,LUV,28.90421983142084,10.235203034224387,12.43527114453779,5.589636016604578,Industrials,Passenger Airlines,1.153
246,LVS,19.86488472752987,2.2811934316079503,9.711570934460848,8.359079482291135,Consumer Discretionary,Casinos & Gaming,1.117
247,LYB,19.442161288879007,13.84986765530518,2.0054820923487258,3.351977644536479,Materials,Specialty Chemicals,1.091
248,MA,16.235389069836756,2.0631008397686115,7.54853455824726,6.761516090805384,Financials,Transaction & Payment Processing Services,1.101
249,MAA,10.782827301053636,3.4651985212024585,2.123268265943961,5.181215505765342,Real Estate,Multi-Family Residential REITs,0.874
250,MAR,18.88705565827634,6.967183995854143,8.361274462189156,3.572552457452042,Consumer Discretionary,Hotels Resorts & Cruise Lines,1.585
251,MAS,23.46489981262617,11.060269950048015,6.684245483933154,5.622542096352488,Industrials,Building Products,1.25
252,MCD,25.67115422121956,8.698201201024222,11.368064210455929,4.895234892152536,Consumer Discretionary,Restaurants,0.735
253,MCHP,28.854179394400745,14.294569823305824,8.062856626818787,7.082548243330072,Information Technology,Semiconductors,1.526
254,MCK,12.271545819177978,1.6194169111579506,6.059118210091215,4.634670517216782,Health Care,Health Care Distributors,0.436
255,MCO,13.8297646057248,1.4724095165896045,5.643831796353356,6.68927499730558,Financials,Financial Exchanges & Data,1.289
256,MDLZ,20.38105215209724,7.0668181093732585,9.445263898221503,4.013114435174582,Consumer Staples,Packaged Foods & Meats,0.561
257,MDT,22.206332798861364,1.7000701361322672,13.097114886178796,6.5827604191462665,Health Care,Health Care Equipment,0.853
258,MET,13.265379153841058,0.3637716950234831,5.938653586124891,6.98895838613997,Financials,Life & Health Insurance,1.039
259,META,42.15198334255215,3.628732340405629,24.84729436279378,7.520376756533913,Communication Services,Interactive Media & Services,1.215
260,MGM,23.83867516577871,1.0259713304191682,13.17953328899474,10.252116710016526,Consumer Discretionary,Casinos & Gaming,2.241
261,MHK,14.366308190069816,6.157863503801512,3.5179283384660494,4.146277557043595,Consumer Discretionary,Home Furnishings,1.389
262,MKC,25.385014726301755,8.642671169507501,11.99286803864296,3.9966068324007593,Consumer Staples,Packaged Foods & Meats,0.764
263,MLM,26.55343250672583,15.024426582589925,6.105321903144207,5.3353275426175015,Materials,Construction Materials,0.897
264,MMC,20.334934387758345,0.1643644088994845,11.494315773186408,8.931709757808882,Financials,Insurance Brokers,0.937
265,MMM,40.888082695308086,18.694634771859377,16.099034644577394,5.590117422237286,Industrials,Industrial Conglomerates,1.001
266,MNST,32.59483118090766,14.502928252981269,12.24145889124665,4.250409955814949,Consumer Staples,Soft Drinks & Non-alcoholic Beverages,0.742
267,MO,32.00531869901723,6.458281522147717,18.570392740259905,6.972365541211209,Consumer Staples,Tobacco,0.67
268,MOS,36.466270448214594,17.878521697818435,11.676068378522208,7.025872025414256,Materials,Fertilizers & Agricultural Chemicals,1.36
269,MPC,29.268066476685163,17.378062569463705,8.16686298186986,3.8334920702960376,Energy,Oil & Gas Refining & Marketing,1.371
270,MRK,18.48829738933313,2.6168686898945728,10.293381945162636,5.789482938421059,Health Care,Pharmaceuticals,0.411
271,MS,24.502809289754094,1.233136866902392,11.71592844423235,11.56798695003695,Financials,Investment Banking & Brokerage,1.336
272,MSCI,12.14835169724375,2.6198514326856657,2.745157772048848,6.78095321471301,Financials,Financial Exchanges & Data,1.11
273,MSFT,14.908849875558545,1.810780893390024,7.142084001764405,5.276048281618669,Information Technology,Systems Software,0.904
274,MSI,12.455867973524118,2.5460873878845813,4.9337471772181125,5.114538835027176,Information Technology,Communications Equipment,0.979
275,MTB,26.28143957736977,2.1999164056697853,11.012107858826663,11.93430264047358,Financials,Regional Banks,0.732
276,MTD,11.592078153960724,0.9456095557555476,7.479052613622505,3.204674178395307,Health Care,Life Sciences Tools & Services,1.159
277,MU,14.17977529158097,5.887035081564698,4.041395074785531,4.257622101276795,Information Technology,Semiconductors,1.179
278,NCLH,24.143702088291786,7.96268890290735,10.52102482737374,5.059779458146843,Consumer Discretionary,Hotels Resorts & Cruise Lines,2.682
279,NDAQ,11.890692333150888,0.0348480440052867,5.936842997160072,5.995494606153568,Financials,Financial Exchanges & Data,0.96
280,NDSN,23.061066657628423,7.963857596119344,10.85776810951654,4.219469443845103,Industrials,Industrial Machinery & Supplies & Components,0.907
281,NEE,21.1619425407332,10.005215571573313,8.443673451021002,4.908044961443415,Utilities,Multi-Utilities,0.561
282,NEM,20.67152960805757,7.398501451063202,8.806007879502996,4.366240658641988,Materials,Gold,0.531
283,NFLX,15.362341029598172,-0.1713408763114772,6.944094968311672,8.048462401489768,Communication Services,Movies & Entertainment,1.25
284,NI,20.95891028074915,9.278151101933643,7.900589419823063,3.060818538661553,Utilities,Multi-Utilities,0.507
285,NKE,19.22665579644656,3.2821047924897173,10.627454538205786,5.3946518817807005,Consumer Discretionary,Apparel Accessories & Luxury Goods,1.035
286,NOC,26.02454584615113,6.885942807586664,14.718759499033167,4.463082334068279,Industrials,Aerospace & Defense,0.346
287,NOW,14.308754775696618,3.7074569020887993,6.535929384161503,4.071207551641839,Information Technology,Systems Software,0.986
288,NRG,31.440121471348952,17.583477555004464,9.23194564474666,4.617464836405292,Utilities,Independent Power Producers & Energy Traders,1.088
289,NSC,22.93887296664889,8.08787530781138,10.360091441188436,5.047183334647171,Industrials,Rail Transportation,1.302
290,NTAP,13.372489055203484,2.1363830936300654,6.841596427771476,4.195491053533035,Information Technology,Technology Hardware Storage & Peripherals,1.225
291,NTRS,24.3481004791666,1.5195270587147247,11.26391022550572,11.591204536746506,Financials,Asset Management & Custody Banks,1.073
292,NUE,30.672605358023706,7.796793895041401,14.717383841690497,7.562413261871886,Materials,Steel,1.567
293,NVDA,12.927897662168556,2.550095164085358,4.740222536788492,5.826787234609493,Information Technology,Semiconductors,1.657
294,NVR,21.18497061990103,9.383877843683672,6.781128976940964,4.928318949251128,Consumer Discretionary,Homebuilding,1.201
295,NWSA,9.398526802227874,0.0317453107530074,4.578167647836031,4.773777018574506,Communication Services,Publishing,1.351
296,NXPI,17.859438158841975,8.489546605850945,4.999186077200871,4.416944944478265,Information Technology,Semiconductors,1.494
297,O,14.469529586130582,3.958904099669482,4.80467137856076,5.733504533020411,Real Estate,Retail REITs,0.996
298,OKE,26.71888902552404,11.43334278989097,10.717077900782703,2.6916926653101143,Energy,Oil & Gas Storage & Transportation,1.625
299,OMC,14.834754264728256,0.2053386233450521,8.875351999211244,5.269666124195621,Communication Services,Advertising,0.968
300,ON,22.056084106388266,12.397670677198246,5.311751052998615,4.183192294636638,Information Technology,Semiconductors,1.654
301,ORCL,13.32128081903078,1.3870090500568175,5.99794669479679,5.945201686676308,Information Technology,Application Software,1.013
302,ORLY,11.885383844576175,0.2610194481015819,8.48091329525423,2.99886836389108,Consumer Discretionary,Automotive Retail,0.92
303,OXY,38.9111083043551,23.584292399565847,9.169099653736255,6.16615721392615,Energy,Oil & Gas Exploration & Production,1.608
304,PANW,13.56647968632873,0.6658334828334294,8.181771386615589,4.498781564738881,Information Technology,Systems Software,1.118
305,PARA,12.05885518172404,0.5601761968110059,6.72969473968372,4.758984350338184,Communication Services,Movies & Entertainment,1.767
306,PAYX,17.17386017877022,3.4427751232159416,7.539448453899519,6.160900967667172,Industrials,Human Resource & Employment Services,0.987
307,PCAR,24.689676009983906,8.138888371732563,9.420224146853542,7.596161627389309,Industrials,Construction Machinery & Heavy Transportation Equipment,0.89
308,PCG,27.7660833705862,10.15744669907834,14.791955236932356,2.6643633050018725,Utilities,Multi-Utilities,1.035
309,PEG,21.302013238663093,9.016917045516816,8.391230289735754,4.569152379796052,Utilities,Electric Utilities,0.626
310,PEP,20.339482641075723,6.8582225280431,9.201428030316473,4.251551632609285,Consumer Staples,Soft Drinks & Non-alcoholic Beverages,0.542
311,PFE,18.91981090931825,2.670088765743152,8.585814798885878,7.6902431991503075,Health Care,Pharmaceuticals,0.615
312,PFG,10.432061401767749,0.1418814043727567,5.234144422603524,5.414424004741366,Financials,Life & Health Insurance,1.203
313,PG,26.54970780016676,9.029114230611972,11.676691819727916,5.695050733672847,Consumer Staples,Personal Care Products,0.414
314,PGR,18.961478897415667,1.3772267775439444,8.90420468562347,8.581645519296336,Financials,Property & Casualty Insurance,0.366
315,PH,27.131640428344618,9.292152637671617,12.881905998500285,5.001817686554761,Industrials,Industrial Machinery & Supplies & Components,1.432
316,PHM,20.96864923663913,10.694039169734149,5.673245006127451,4.655504724308533,Consumer Discretionary,Homebuilding,1.641
317,PKG,16.746079020186166,12.292795677260788,1.1150408228629531,3.4762618209690546,Materials,Paper & Plastic Packaging Products & Materials,0.777
318,PLD,10.439560361978767,2.853114403026684,3.09975744607067,4.463621321621188,Real Estate,Industrial REITs,1.094
319,PM,25.54741524606855,3.770072164876944,12.992733995938185,8.788298278655018,Consumer Staples,Tobacco,0.56
320,PNC,25.12173540271707,1.9534227729827447,13.628739853715768,9.501153004239372,Financials,Diversified Banks,1.121
321,PNR,20.523165603486824,5.661745727776552,9.656479116484686,5.193043337409308,Industrials,Industrial Machinery & Supplies & Components,1.189
322,PNW,26.950333831364382,13.948635882304565,8.170808530482194,4.947983928565817,Utilities,Multi-Utilities,0.518
323,PPG,22.560542119963127,9.706782387341717,7.500666413157738,4.400212768959466,Materials,Specialty Chemicals,1.254
324,PPL,26.944343048950053,15.388215466813472,7.29475327446652,4.328269561970363,Utilities,Electric Utilities,0.834
325,PRU,18.46363672443917,0.5897384237684398,8.279858995429544,9.605818179786432,Financials,Life & Health Insurance,1.282
326,PSA,11.46651221324245,4.680165564091701,1.4076679856665135,5.784648225744162,Real Estate,Self-Storage REITs,0.69
327,PSX,33.92493603511791,20.51822830899789,8.387801001117898,5.145948893658614,Energy,Oil & Gas Refining & Marketing,1.319
328,PTC,18.65020287333497,5.423785917015168,8.279914822431177,5.297844594644616,Information Technology,Application Software,1.174
329,PWR,38.87248255232173,12.576156080638947,16.069628883958075,7.42393043297059,Industrials,Construction & Engineering,1.009
330,PYPL,16.040715476202596,3.255671512894041,8.786402079179853,4.158314707728807,Financials,Transaction & Payment Processing Services,1.436
331,QCOM,12.669341642036692,5.634153265041084,3.886203423125399,2.593696014999427,Information Technology,Semiconductors,1.286
332,RCL,18.65143402783972,7.929603640195685,6.934954612728423,3.848892502090657,Consumer Discretionary,Hotels Resorts & Cruise Lines,2.6
333,REG,11.476159035179515,4.067918692005816,3.278020236350084,4.137174236011427,Real Estate,Retail REITs,1.218
334,REGN,16.3827871020518,0.7035996482649629,9.70001930834805,5.767864437487808,Health Care,Biotechnology,0.142
335,RF,13.835494872940894,1.5715607672302745,5.229314347206926,7.256280529522456,Financials,Regional Banks,1.182
336,RJF,25.360691278644392,2.107231606503153,11.235960795884926,12.877678355890334,Financials,Investment Banking & Brokerage,1.002
337,RL,13.688212536990749,1.0695851841297197,8.116939693667486,5.18358867077704,Consumer Discretionary,Apparel Accessories & Luxury Goods,1.504
338,RMD,25.294145658147457,3.484749922345955,12.772257762538818,8.370312356007828,Health Care,Health Care Equipment,0.687
339,ROK,17.110801536195048,7.155168242693387,6.083846326907008,4.5643129249070284,Industrials,Electrical Components & Equipment,1.359
340,ROL,19.3229026517483,-0.0939618282570286,12.865255450477123,6.116327944588728,Industrials,Environmental & Facilities Services,0.701
341,ROP,18.2032766153208,4.234881745141545,8.878348264726473,4.776209840958247,Information Technology,Electronic Equipment & Instruments,1.029
342,ROST,17.800848513028495,1.9454476517679389,10.63213879528458,5.089969252722442,Consumer Discretionary,Apparel Retail,1.1
343,RSG,18.53412277295318,10.324130391939686,5.289900848796683,2.8367839720635977,Industrials,Environmental & Facilities Services,0.707
344,RTX,30.86721848360581,7.089647125282908,18.502015002513456,5.270539134031365,Industrials,Aerospace & Defense,0.54
345,RVTY,13.33868490589633,2.520690405493667,9.409731333577808,1.4382698137514671,Health Care,Health Care Equipment,1.056
346,SBAC,8.844812019157349,3.5578431886501285,1.6532220253516552,3.5574228407963027,Real Estate,Telecom Tower REITs,0.672
347,SBUX,23.82631624468706,7.97038288791588,12.763641862109893,3.384086770706319,Consumer Discretionary,Restaurants,0.962
348,SCHW,22.608977532077454,2.5841475373882625,7.778344620901587,11.800662925874432,Financials,Investment Banking & Brokerage,0.952
349,SHW,29.21606687841292,15.07877344804668,9.393214402945809,4.726798091409807,Materials,Specialty Chemicals,1.175
350,SJM,28.42382422168212,12.31464077094074,12.502746445951091,3.693779878546168,Consumer Staples,Packaged Foods & Meats,0.246
351,SLB,18.451690345547632,5.979964871964624,7.523139331850419,4.487140205540522,Energy,Oil & Gas Equipment & Services,1.532
352,SNA,28.577838180629065,9.126670906522165,12.29625399484799,6.506011329443221,Industrials,Industrial Machinery & Supplies & Components,0.954
353,SNPS,12.538212023461694,3.9227156305731192,5.364241053063982,3.20221470768533,Information Technology,Application Software,1.076
354,SO,29.035960630842265,12.400941567994357,9.68583439892011,7.173330628353197,Utilities,Electric Utilities,0.509
355,SPG,12.651018846827396,3.4574007435724305,3.7806076449979686,5.309655780890984,Real Estate,Retail REITs,1.768
356,SPGI,11.82979522723663,-0.3484938665593128,6.423702999077891,5.92091326212188,Financials,Financial Exchanges & Data,1.183
357,SRE,21.670510486181456,10.62846449638393,7.04082445603405,4.072823593233838,Utilities,Multi-Utilities,0.759
358,STLD,30.92190151229654,8.655162216133713,14.196101707369,8.027310765676742,Materials,Steel,1.325
359,STT,23.167672489418365,1.7247859217592876,12.25993942508137,9.203830875430963,Financials,Asset Management & Custody Banks,1.48
360,STX,8.349106234238263,0.4700934077373442,4.581815287415801,-1.8039662469040827,Information Technology,Technology Hardware Storage & Peripherals,1.07
361,STZ,26.53687538742532,10.83515095015515,11.66907536284446,4.064411569580012,Consumer Staples,Distillers & Vintners,0.893
362,SWK,24.049535264889183,6.060359431280432,12.2655295163748,5.963775878064001,Industrials,Industrial Machinery & Supplies & Components,1.255
363,SWKS,24.33405658168461,9.884844097767076,8.16821306395739,5.603655827682062,Information Technology,Semiconductors,1.205
364,SYF,16.817323319923794,0.1505468192035343,9.876298933652151,5.544920234672776,Financials,Consumer Finance,1.593
365,SYK,22.505368868892926,3.660472394105178,11.744410869701392,8.060106306144577,Health Care,Health Care Equipment,0.92
366,SYY,15.74817693784517,6.391414909128548,6.019453736876219,3.365856038095502,Consumer Staples,Food Distributors,1.2
367,T,23.451381223565228,4.103022258076903,12.754670362186678,6.700812798314017,Communication Services,Integrated Telecommunication Services,0.73
368,TAP,27.196453476409005,10.513326629974124,11.075388774267855,5.621702680826291,Consumer Staples,Brewers,0.827
369,TDG,37.74250259080203,12.418855661371392,17.45129545257667,7.890216897517353,Industrials,Aerospace & Defense,1.423
370,TEL,15.192108814135784,6.220676591724827,5.618992323606021,3.386919472947042,Information Technology,Electronic Manufacturing Services,1.328
371,TER,14.62007264447278,6.927870909420572,4.606486539298364,3.5712038790529848,Information Technology,Semiconductor Materials & Equipment,1.515
372,TFC,0.5102290575594088,0.3293416049712523,-5.79736835153401,5.948257726497965,Financials,Diversified Banks,1.035
373,TFX,24.955507886419888,4.121019697576565,13.696229662452158,6.820266637275859,Health Care,Health Care Equipment,1.177
374,TGT,16.28799570288456,1.7512225203996852,10.950817328644764,3.9303649616343095,Consumer Staples,Consumer Staples Merchandise Retail,1.242
375,TJX,15.231425535131368,2.2412204461808187,8.5700666589608,4.110284977645987,Consumer Discretionary,Apparel Retail,0.893
376,TMO,11.29248139068252,1.4408131936292816,3.626244656357231,6.234673071015175,Health Care,Life Sciences Tools & Services,0.792
377,TMUS,23.27644600659272,3.796136407857098,13.00840530613026,6.608409366810983,Communication Services,Wireless Telecommunication Services,0.496
378,TPR,13.534444646688758,1.0597899287617372,7.964051176382282,3.9876426834418472,Consumer Discretionary,Apparel Accessories & Luxury Goods,1.556
379,TRGP,32.16646487164961,14.049963482491,14.36505777851834,2.824745353769054,Energy,Oil & Gas Storage & Transportation,2.237
380,TRMB,10.321534655752448,3.147762354441809,3.231055475266873,4.0533054432916575,Information Technology,Electronic Equipment & Instruments,1.489
381,TROW,15.01325626477412,1.6018712359342295,8.258945630673653,5.309283883051721,Financials,Asset Management & Custody Banks,1.423
382,TRV,20.33914057581552,0.6768011711242086,10.088117440271503,9.106691556317324,Financials,Property & Casualty Insurance,0.63
383,TSCO,13.600155189095176,3.0134229080348987,6.803944474416419,3.9650047052833215,Consumer Discretionary,Other Specialty Retail,0.814
384,TSLA,23.23009940831371,3.277973249764758,13.742766591185864,6.4582503742217465,Consumer Discretionary,Automobile Manufacturers,2.295
385,TSN,34.622683002240244,15.472931121207674,11.645939532031894,7.505664500625039,Consumer Staples,Packaged Foods & Meats,0.775
386,TT,13.659823751579657,5.178995135848898,4.256873136169569,4.340452834715594,Industrials,Building Products,1.221
387,TXN,22.34392263763221,10.181919885086948,6.163885232261899,5.976149364251811,Information Technology,Semiconductors,0.98
388,TXT,32.08842669332553,11.538856763275758,15.281688086450671,5.359820534106687,Industrials,Aerospace & Defense,1.244
389,UAL,30.27493863653053,12.124626953425436,13.778227700651875,4.4202436696719385,Industrials,Passenger Airlines,1.393
390,UDR,11.974642328656971,3.3090373234954464,3.5327073723543143,5.135575122699523,Real Estate,Multi-Family Residential REITs,0.847
391,UHS,30.71991794646083,4.742441141300959,18.304488460352253,8.11336650101514,Health Care,Health Care Facilities,1.297
392,ULTA,14.276557369511949,3.302880080435952,7.207854184416287,3.7407100141595806,Consumer Discretionary,Other Specialty Retail,1.326
393,UNH,15.099314192412084,0.1017000775683334,10.220935850186825,4.714855257142725,Health Care,Managed Health Care,0.591
394,UNP,21.738761024628968,7.641032015605447,9.672784015267094,4.292749958388909,Industrials,Rail Transportation,1.056
395,UPS,17.920658430776758,4.2051324183589625,8.822512778374763,4.726252331442311,Industrials,Air Freight & Logistics,0.982
396,URI,15.746480411530024,5.584758991241845,5.601280326192003,4.493130918276801,Industrials,Trading Companies & Distributors,1.682
397,V,14.978473461216904,2.237797200200295,7.569794015360562,5.396678741738641,Financials,Transaction & Payment Processing Services,0.952
398,VLO,29.548784607083952,18.852426099701137,6.609231032590957,4.1195583847736525,Energy,Oil & Gas Refining & Marketing,1.374
399,VMC,27.18818683270485,12.335811080012942,6.753518664958195,8.317295261905594,Materials,Construction Materials,0.805
400,VRSK,16.11999880435948,0.1162836447981358,12.268279721179889,3.810684335311392,Industrials,Research & Consulting Services,0.862
401,VRSN,20.52586159835114,5.222589696362524,10.321543439015482,4.920185305930127,Information Technology,Internet Services & Infrastructure,0.911
402,VRTX,19.37438646670169,1.0442065565874736,13.434391160334494,4.574590707336673,Health Care,Biotechnology,0.394
403,VTR,11.05311895386859,2.502909460060414,4.11871148793343,4.549041551066779,Real Estate,Health Care REITs,1.39
404,VZ,18.55517035336901,4.500898254501701,9.360159370564292,4.88951979448348,Communication Services,Integrated Telecommunication Services,0.418
405,WAB,21.418107020539896,5.084154624568816,11.529186347083495,4.543242369327845,Industrials,Construction Machinery & Heavy Transportation Equipment,1.272
406,WAT,11.988751337815936,1.3782868265269608,8.087793679209872,3.5425233928546307,Health Care,Life Sciences Tools & Services,0.973
407,WBA,15.810295652281104,1.7827269796760197,8.630822106833689,5.2440257870837375,Consumer Staples,Drug Retail,0.669
408,WDAY,16.290971153542912,3.129555564302401,6.948599921436933,6.40402730248038,Information Technology,Application Software,1.352
409,WDC,8.734224207822908,1.1758179229616716,3.4150217892947823,4.16422805152868,Information Technology,Technology Hardware Storage & Peripherals,1.394
410,WEC,22.366187990437364,11.79735049324903,7.065390252645149,3.512238272976654,Utilities,Electric Utilities,0.438
411,WELL,11.024468689025928,4.081073037628065,2.688275541103533,4.255478023796847,Real Estate,Health Care REITs,1.194
412,WFC,37.0337866240127,1.8588478568888207,14.174033739925212,18.937819816691423,Financials,Diversified Banks,1.136
413,WM,18.55866298239915,9.206896664191564,6.943383989710415,2.4566784321084487,Industrials,Environmental & Facilities Services,0.747
414,WMB,18.984846236969485,7.203306413271098,9.504887318707423,2.282776523813047,Energy,Oil & Gas Storage & Transportation,1.062
415,WMT,20.903580480856963,5.769843909250548,9.566724909634894,5.838459207357813,Consumer Staples,Consumer Staples Merchandise Retail,0.516
416,WRB,19.43197381313535,0.9986817583929292,8.305305613661677,10.51292910936078,Financials,Property & Casualty Insurance,0.621
417,WTW,13.6213931433656,0.1802541645223032,8.36138634742376,8.189552201159033,Financials,Insurance Brokers,0.742
418,WY,14.924314617028932,8.925223517152169,4.004423540210521,2.134700766909335,Real Estate,Timber REITs,1.428
419,WYNN,24.91168357231724,3.8299937055508737,11.977849168625898,9.258789070633206,Consumer Discretionary,Casinos & Gaming,1.802
420,XEL,24.731743892822124,12.33249762103129,8.787107805801462,3.639014063324237,Utilities,Multi-Utilities,0.398
421,XOM,44.36081089047338,25.747124167311085,11.569691512031406,7.27050574373838,Energy,Integrated Oil & Gas,0.88
422,XYL,21.840130922807266,9.34342202786002,7.503115704318159,4.436265789019304,Industrials,Industrial Machinery & Supplies & Components,1.05
423,YUM,21.131232237943216,6.744678921037218,10.872904421357044,3.3903942478013755,Consumer Discretionary,Restaurants,1.095
424,ZBH,24.29202891197292,4.73819181295729,12.762260355907577,6.696869288956371,Health Care,Health Care Equipment,1.021
425,ZTS,13.032635819317573,2.701073442693941,4.160497445702315,6.231388062881314,Health Care,Pharmaceuticals,0.896
